,Area,Bedrooms,Bathrooms,Floors,Price
0,1360,5,4,3,149919
1,4272,5,4,3,424998
2,3592,2,2,3,266746
3,966,4,2,2,244020
4,4926,1,4,2,636056
5,3944,1,2,1,93262
6,3671,1,1,2,448722
7,3419,2,4,1,594893
8,630,2,2,1,652878
9,2185,3,3,1,340375
10,1269,1,4,2,653685
11,2891,4,4,3,127123
12,2933,4,3,2,849947
13,1684,1,1,1,399355
14,3885,1,3,1,481838
15,4617,1,4,2,853032
16,3404,2,1,1,208964
17,974,2,2,1,905742
18,1582,2,2,2,989305
19,3058,5,2,2,218767
20,2547,4,4,2,996357
21,3247,4,3,1,709789
22,1475,3,1,1,709966
23,2306,2,2,3,447694
24,689,5,1,3,688668
25,3234,5,4,2,527032
26,3505,4,2,3,745494
27,2399,2,4,1,513179
28,1767,3,3,3,948212
29,2028,2,4,1,206547
30,3702,1,4,2,902609
31,4056,2,3,2,727090
32,4390,1,1,1,202185
33,1146,1,3,3,725371
34,3388,3,3,2,105746
35,2935,4,4,2,959507
36,1100,2,1,3,748213
37,2863,1,2,3,921627
38,2561,2,3,1,873250
39,741,4,1,3,218393
40,2541,4,3,3,333453
41,3324,5,3,3,986192
42,3112,4,3,1,340320
43,1863,3,3,1,643167
44,1978,1,4,2,641880
45,3056,5,1,1,396872
46,1275,3,1,2,270084
47,4514,2,1,3,976920
48,534,1,3,2,771782
49,3652,4,4,2,845016
50,2455,1,3,3,698843
51,2085,2,3,2,405446
52,4443,5,1,1,958840
53,3573,5,3,1,593118
54,1521,5,2,1,266897
55,3961,4,3,1,826522
56,3113,3,2,2,913498
57,4343,3,3,2,840023
58,2000,1,4,3,143878
59,661,4,4,2,175407
60,4797,5,1,2,691157
61,2481,5,3,2,307716
62,1495,2,2,3,857827
63,3842,2,2,1,66738
64,4298,5,3,2,183703
65,1775,5,2,3,723265
66,1516,4,4,3,593344
67,837,3,2,3,815034
68,1378,2,1,1,560241
69,1576,3,4,2,433800
70,4493,4,4,3,689604
71,879,5,4,1,740807
72,992,3,3,3,628706
73,2562,5,3,3,873622
74,4384,5,4,3,76014
75,564,1,3,3,778359
76,3068,3,2,3,813277
77,2527,3,3,1,231350
78,3195,5,3,2,961995
79,1995,4,4,2,838212
80,891,1,1,2,534859
81,4974,5,1,2,764618
82,4061,2,1,1,540339
83,2778,2,2,1,92192
84,3599,1,3,1,941307
85,700,4,1,3,411273
86,3604,5,4,3,93923
87,2954,3,1,3,663484
88,4145,1,1,2,576683
89,1304,4,3,3,414593
90,3231,3,3,2,433891
91,3273,2,3,3,802744
92,2070,2,2,2,458995
93,3190,3,2,3,645316
94,4340,1,1,3,997226
95,1528,2,3,1,450327
96,1002,5,1,3,816751
97,4993,3,4,3,715344
98,1370,3,4,1,929608
99,4988,2,3,2,777688
100,706,1,3,1,305315
101,1984,5,4,1,339068
102,1363,1,3,2,495919
103,3290,4,2,3,344721
104,1063,4,2,2,188783
105,4691,2,3,3,659836
106,2257,2,4,3,307288
107,2178,2,1,2,543085
108,3742,4,3,1,545187
109,1559,1,3,2,699381
110,2222,1,1,3,285835
111,3814,2,3,2,971600
112,3657,5,1,2,902987
113,3125,1,4,3,401992
114,3229,4,2,1,256084
115,2097,3,4,2,844686
116,3560,3,2,3,437554
117,3193,3,1,3,803315
118,4127,5,2,2,520336
119,1863,2,4,1,973469
120,2481,4,2,2,258072
121,2163,5,1,1,298029
122,2029,4,2,1,259047
123,2538,4,3,1,415169
124,3802,2,4,1,180509
125,2737,3,3,2,812072
126,1806,2,1,3,345107
127,4529,5,2,3,577561
128,3175,5,3,3,589618
129,1782,5,3,3,202566
130,1209,2,2,3,650710
131,4913,4,2,3,958521
132,4248,4,4,2,53212
133,1163,1,3,1,282131
134,2498,5,3,3,526657
135,3945,4,1,2,661882
136,4243,1,4,3,182152
137,1995,4,1,3,344819
138,3804,5,3,1,72007
139,4263,3,1,1,688093
140,2353,5,3,1,394785
141,1791,2,3,3,670103
142,4081,4,1,3,883247
143,3957,4,1,3,919914
144,2136,2,2,1,837071
145,4196,2,2,2,375737
146,3499,3,2,3,562164
147,3652,4,3,3,128038
148,1198,4,1,3,406043
149,2660,3,4,2,840168
150,4597,1,3,3,827794
151,1354,3,4,2,66473
152,3974,5,1,3,703059
153,2207,4,3,2,175801
154,3277,2,4,3,944030
155,2233,5,4,1,660911
156,4010,4,2,1,558252
157,702,3,2,1,275097
158,3755,5,2,1,348964
159,4718,4,3,3,265933
160,4996,1,1,1,369733
161,1266,1,1,2,771167
162,4889,2,2,1,330558
163,2827,4,2,1,439522
164,3431,1,2,1,74220
165,697,3,4,3,634819
166,2430,4,2,1,422146
167,4082,3,4,2,557409
168,1108,3,1,1,747785
169,3772,1,3,1,59387
170,1647,4,3,1,295752
171,4782,5,3,2,651103
172,3897,1,3,1,601872
173,3011,1,4,2,619071
174,2294,4,4,2,745169
175,1159,4,2,1,759687
176,3311,3,4,2,698782
177,1869,4,2,3,690102
178,2486,3,2,1,300139
179,646,1,3,1,967184
180,3719,2,4,2,550228
181,3411,5,4,2,716217
182,2234,1,2,1,747621
183,2343,4,2,3,910020
184,988,5,1,2,984499
185,3476,2,1,2,296509
186,2459,2,2,3,63580
187,2885,3,1,3,592528
188,3419,5,1,1,828639
189,2302,3,2,3,395590
190,4561,1,2,1,518968
191,3869,5,4,3,940965
192,762,1,2,2,828559
193,1123,3,2,1,533663
194,1516,5,3,1,478082
195,4143,3,4,1,655262
196,2549,5,4,3,647689
197,4223,3,4,2,263165
198,3608,2,3,1,455427
199,4590,3,2,1,502201
200,2556,2,4,1,214340
201,3670,3,4,1,840078
202,2182,5,1,2,760731
203,2755,5,4,3,822411
204,1654,5,2,2,354960
205,4999,4,2,1,139460
206,3691,1,1,2,356256
207,2196,5,4,1,101048
208,4491,2,4,3,780806
209,2148,5,4,3,182850
210,1945,4,3,3,882184
211,4699,2,4,1,528193
212,4423,4,2,2,907158
213,753,2,2,3,786200
214,3683,3,3,1,994793
215,3057,1,3,1,356932
216,598,1,4,2,316891
217,2700,4,1,3,574333
218,3461,1,3,1,582046
219,4933,4,3,2,829685
220,4277,4,4,3,961508
221,3369,4,4,2,728797
222,3734,1,3,2,724945
223,4291,4,1,1,190926
224,1456,1,3,1,233148
225,4567,4,4,1,893382
226,660,5,4,2,722709
227,4993,4,3,1,801588
228,1800,2,1,2,726708
229,4487,4,3,2,215368
230,2027,3,3,1,544496
231,1718,4,4,3,69455
232,4996,2,1,3,784184
233,3604,2,2,3,515139
234,3235,1,1,2,281897
235,1454,5,3,2,482509
236,3946,4,3,2,542646
237,1545,1,3,1,662840
238,2193,5,1,2,882548
239,3936,4,4,1,432605
240,1062,3,3,1,614772
241,2985,4,3,3,997719
242,3854,2,1,3,393782
243,725,2,2,3,708764
244,1459,3,2,1,218332
245,3567,1,4,1,150647
246,1315,5,4,1,639930
247,3620,4,3,2,786091
248,516,2,1,1,882441
249,1743,1,3,3,178824
250,2705,3,4,3,823202
251,3024,2,1,1,866037
252,1569,3,1,1,685167
253,3944,4,4,3,695115
254,3065,5,2,1,317724
255,1560,2,2,3,951334
256,2827,2,1,2,317544
257,3920,4,3,3,745003
258,801,1,2,2,801545
259,4776,5,3,1,932464
260,1106,2,2,1,177319
261,3670,5,2,2,562193
262,1199,2,3,1,529389
263,1639,5,4,2,156960
264,690,3,2,1,89015
265,2800,2,2,3,383857
266,1480,5,3,1,778165
267,3475,1,4,3,982478
268,1684,3,2,3,195109
269,3827,3,2,2,527508
270,3894,1,4,1,836351
271,627,5,2,2,983671
272,2565,4,4,1,138754
273,2316,1,4,3,271775
274,1069,5,3,3,355292
275,2395,1,1,1,777513
276,3233,1,4,1,726894
277,4363,2,3,2,796355
278,4514,5,1,1,959222
279,3401,4,2,1,922510
280,2186,2,1,1,106879
281,3509,1,4,2,169894
282,654,1,4,1,640127
283,3037,1,4,3,79756
284,1909,5,4,2,718043
285,4557,5,4,2,230557
286,1284,2,3,3,279303
287,3675,4,4,3,454241
288,4841,2,3,3,724075
289,3306,3,2,1,541599
290,1037,1,4,3,545283
291,2341,1,4,1,667231
292,2955,1,1,2,792476
293,1024,2,2,2,198188
294,3450,2,4,3,611032
295,4631,1,4,1,174697
296,4615,2,2,3,530795
297,2868,5,3,3,690360
298,4347,5,4,1,445340
299,4995,2,1,3,286028
300,3201,1,4,2,743411
301,1471,2,1,3,57176
302,1666,2,1,1,927742
303,3274,2,4,1,826653
304,2482,3,4,2,508034
305,1353,5,1,1,563611
306,4646,4,2,1,199748
307,4236,4,2,2,95177
308,4269,3,4,3,533512
309,1074,2,3,2,160623
310,3761,3,2,3,575285
311,1648,3,4,2,502546
312,2215,1,2,3,546184
313,4354,5,3,2,694467
314,2991,4,4,3,297439
315,3160,2,3,2,694691
316,3624,4,4,3,978735
317,3551,4,3,2,145287
318,504,5,2,1,169574
319,1376,4,2,3,830751
320,1491,4,3,2,171509
321,4642,3,3,3,397591
322,4864,5,3,3,945954
323,4965,1,4,2,499181
324,1135,2,2,3,393288
325,2193,4,4,2,822793
326,2182,2,2,1,242589
327,619,1,1,3,929125
328,1330,2,4,1,406459
329,4175,1,2,3,538720
330,1869,3,2,3,863819
331,1240,4,4,3,54090
332,616,1,4,2,957278
333,3338,2,2,1,468161
334,1650,4,4,3,876671
335,2431,3,3,2,53743
336,1512,4,4,3,80924
337,2164,1,4,2,191268
338,1581,3,4,3,966592
339,1012,2,2,1,928247
340,3349,3,3,1,679600
341,1059,3,1,3,381004
342,4172,5,1,2,790537
343,3843,3,3,3,798378
344,4570,3,3,2,279602
345,1970,4,3,3,392543
346,1080,2,2,2,885227
347,2794,4,1,1,887985
348,3647,4,3,3,558928
349,4749,1,2,1,153976
350,2179,4,1,1,205183
351,4006,5,4,3,687854
352,3244,5,2,3,307443
353,3856,1,1,2,694256
354,4545,2,2,2,111600
355,1743,2,1,1,624310
356,3618,4,1,2,708559
357,2641,4,4,2,887329
358,3559,4,2,3,874470
359,3459,2,3,2,173323
360,2765,3,4,1,236110
361,2979,5,4,2,694566
362,2135,3,1,1,947486
363,2257,3,3,3,320041
364,4952,2,2,1,638829
365,2570,3,3,2,156968
366,3349,1,3,3,589180
367,3751,4,3,2,975775
368,4230,1,3,3,74815
369,2989,5,3,3,882044
370,2131,4,1,2,476573
371,3316,3,1,2,518304
372,1515,5,4,3,852699
373,1848,4,1,3,854700
374,3587,3,4,2,688751
375,3339,1,4,1,981767
376,835,4,2,2,514151
377,1395,3,3,3,931779
378,4046,1,1,2,240732
379,1351,5,2,1,246599
380,2187,5,1,2,244451
381,2431,5,4,3,406686
382,4246,5,1,2,746631
383,2927,2,3,3,378756
384,2068,4,4,3,188307
385,4500,4,4,2,138757
386,3238,2,2,3,459633
387,3998,3,3,3,934507
388,4413,3,4,1,346753
389,1566,5,3,1,939217
390,4880,1,1,1,304200
391,2944,3,3,1,597933
392,4607,1,4,3,506089
393,3873,4,2,2,769918
394,4469,1,4,3,374377
395,3046,4,3,3,423587
396,1253,2,3,3,204473
397,2582,2,4,2,844203
398,3274,5,3,1,517667
399,3396,3,1,3,522650
400,4685,5,4,3,510665
401,1275,4,2,1,414745
402,2125,5,4,3,535820
403,3569,1,1,2,445158
404,917,4,1,3,725748
405,614,2,1,3,961656
406,1116,3,1,1,657539
407,4474,4,1,3,631330
408,3767,4,2,3,890172
409,1325,1,3,2,246945
410,2016,3,1,1,621312
411,3646,2,1,1,728810
412,912,4,4,2,631253
413,1228,4,2,3,322201
414,3848,1,2,1,798609
415,3308,5,3,1,845415
416,1175,2,2,3,442613
417,3965,3,4,3,594283
418,3004,4,4,1,164587
419,3467,4,3,3,283076
420,3286,2,4,1,796988
421,1622,5,1,3,520897
422,4579,4,1,3,88886
423,2071,2,4,2,401169
424,2643,1,3,3,539788
425,2187,5,2,2,145149
426,4632,3,3,3,668308
427,4351,4,2,1,576961
428,3940,2,4,1,913945
429,4266,1,4,3,73466
430,2826,3,1,3,287626
431,3414,2,2,1,928977
432,4452,2,3,3,559966
433,1095,3,4,2,624694
434,1228,1,3,2,446904
435,1865,1,1,2,643572
436,4992,5,2,2,810006
437,1198,4,2,2,951011
438,895,3,4,3,587953
439,4671,3,2,3,594929
440,4860,3,4,2,475716
441,3002,1,1,3,610085
442,2319,4,2,3,790126
443,1217,5,4,2,358094
444,3282,2,3,3,992550
445,4077,2,4,3,965986
446,643,3,2,3,676627
447,3640,4,1,2,687719
448,4991,1,2,3,282275
449,3438,4,2,1,452854
450,4136,4,4,1,857605
451,3722,1,3,2,718582
452,1667,3,2,1,231136
453,3116,4,3,2,218082
454,1562,2,4,1,303301
455,2656,1,3,1,592383
456,3482,5,4,1,173554
457,3794,3,1,2,444655
458,1656,1,3,2,962046
459,1232,5,3,3,809277
460,4830,5,1,2,528766
461,1453,4,3,1,972879
462,3039,4,1,1,663311
463,3824,4,2,2,681469
464,3801,1,4,2,272310
465,2042,1,1,2,857032
466,1691,3,3,3,838898
467,3493,4,1,1,830637
468,3181,5,3,3,549344
469,1717,2,2,3,750457
470,2040,3,1,1,946366
471,3736,1,2,1,627564
472,2886,3,4,2,493333
473,4219,3,3,2,490187
474,1888,3,3,3,319072
475,2356,3,2,2,891741
476,1865,2,4,2,255719
477,999,4,1,1,746248
478,2180,5,1,1,800385
479,1010,3,3,2,749192
480,4812,3,2,1,166196
481,1824,3,2,2,59404
482,1655,4,1,1,476855
483,2327,1,4,1,783478
484,3641,1,4,1,503814
485,3986,2,1,1,687475
486,2310,1,1,2,946881
487,3423,3,2,3,601972
488,2714,3,4,1,642879
489,4686,3,1,2,431965
490,1213,2,1,2,783082
491,4102,3,3,1,314826
492,4634,1,1,3,161186
493,4022,4,1,1,817469
494,4768,4,4,2,596120
495,1743,5,2,3,591285
496,4209,1,4,2,346784
497,1581,3,2,1,520098
498,955,4,3,3,90491
499,1394,1,1,2,113043
500,1884,4,3,2,948607
501,2458,3,2,2,178568
502,3572,4,4,1,426394
503,2496,5,4,3,647013
504,4785,5,3,1,178131
505,1004,4,2,1,95520
506,1714,1,3,1,375063
507,2031,1,3,3,684157
508,3940,1,1,1,638730
509,1323,4,3,1,835313
510,1428,1,1,1,202842
511,633,3,1,1,417390
512,2605,5,4,2,752858
513,4127,3,1,1,421831
514,2352,1,1,2,572485
515,4675,3,4,1,697735
516,3433,1,3,3,635765
517,3784,4,2,2,574532
518,4798,3,2,2,915885
519,3311,4,2,2,500953
520,1750,4,3,2,227561
521,4012,2,1,3,964394
522,1756,1,2,1,907735
523,3876,5,3,2,340534
524,3986,1,1,3,584535
525,4084,5,4,2,250123
526,1896,1,2,1,765079
527,4137,4,1,2,477894
528,3830,3,2,3,531018
529,3203,3,2,1,257358
530,970,2,2,3,866015
531,1853,5,1,1,566456
532,3283,5,3,1,189148
533,3331,5,1,1,985510
534,857,4,2,2,196123
535,3519,5,1,3,447530
536,1167,3,4,3,602958
537,4968,4,3,3,543973
538,1645,1,1,1,961352
539,4685,5,4,2,60236
540,4219,5,3,1,85568
541,3245,1,4,3,681615
542,1039,5,3,2,305745
543,3279,1,1,2,422332
544,4636,4,4,2,535119
545,4275,3,2,3,328496
546,3008,1,4,2,700009
547,3279,2,3,2,309291
548,1424,1,1,1,488866
549,3456,5,3,1,453562
550,2081,4,4,2,730516
551,3824,4,4,2,105904
552,4985,1,2,1,981539
553,755,3,1,1,958573
554,2338,2,1,1,328252
555,2444,4,4,3,572247
556,509,5,1,3,839285
557,3371,5,2,1,396300
558,1297,3,3,2,316320
559,1515,4,1,1,674747
560,2324,1,4,3,469136
561,4969,5,3,2,235922
562,3636,3,3,3,187901
563,2693,4,2,2,173225
564,723,4,4,3,543406
565,4658,4,1,2,810135
566,4425,4,4,2,271738
567,4500,4,3,2,954890
568,2133,5,4,2,685181
569,2652,3,1,3,910359
570,1010,4,1,3,528076
571,884,2,2,2,954610
572,904,2,1,2,292726
573,2500,3,1,3,352811
574,3256,1,4,2,771202
575,2168,1,4,2,479059
576,1960,1,3,2,756168
577,4136,2,2,1,473759
578,3224,1,4,2,515996
579,4678,5,1,1,56611
580,2548,4,3,2,400386
581,4646,2,4,3,921044
582,1216,3,2,1,883334
583,2323,3,2,1,821812
584,2581,4,3,2,345187
585,3919,2,3,2,186343
586,2074,1,3,1,909299
587,749,1,3,3,389233
588,1173,5,3,3,895177
589,2665,5,1,2,540092
590,1270,1,1,3,240191
591,4462,3,4,3,716933
592,4863,3,2,2,726769
593,2484,5,1,3,922402
594,1577,4,1,2,336608
595,735,1,1,1,299220
596,888,5,4,2,486056
597,3537,5,3,1,692811
598,2348,1,4,1,594950
599,3314,1,2,3,854660
600,3874,3,2,3,635009
601,3778,4,2,3,712746
602,1752,4,2,2,843294
603,4481,1,1,3,614396
604,2622,2,1,1,141788
605,2650,5,4,3,518239
606,1829,5,3,3,294437
607,1858,1,2,2,811299
608,2982,2,4,2,916572
609,2517,3,1,1,732561
610,1831,1,1,2,905010
611,4844,1,3,3,99966
612,4761,5,3,2,235846
613,1858,1,3,1,322530
614,3677,1,4,3,651516
615,2628,1,1,1,196297
616,2680,5,1,2,459909
617,637,3,3,2,384341
618,3972,3,2,1,93021
619,3332,1,3,3,431059
620,4079,5,4,2,199333
621,3531,3,3,2,470594
622,4664,3,3,3,953606
623,3093,3,4,2,826934
624,4800,5,3,1,136755
625,4318,5,1,2,979441
626,4638,1,2,2,116330
627,4323,4,3,3,752726
628,4542,3,4,1,908754
629,2406,4,2,3,938750
630,1260,5,4,2,619601
631,3945,5,2,2,284729
632,1399,5,2,3,807071
633,4955,4,3,3,339176
634,3447,5,1,3,535179
635,2219,1,3,1,198430
636,780,5,4,2,898142
637,3766,2,4,3,407470
638,2387,4,2,2,398301
639,3766,2,2,1,492037
640,1166,5,1,1,78365
641,4688,1,3,1,325333
642,1171,3,4,1,519965
643,2469,5,2,2,581536
644,4656,1,1,1,54369
645,3622,4,4,1,506979
646,4400,2,2,3,975554
647,1023,2,4,1,865037
648,2893,2,1,3,886048
649,3617,4,1,1,497695
650,3093,1,4,1,415863
651,2468,4,3,3,221955
652,2253,2,4,1,607343
653,2796,5,2,2,774091
654,2761,3,3,2,428824
655,2786,4,2,1,319594
656,4702,4,4,2,183997
657,3378,1,3,3,523267
658,4643,1,2,1,100272
659,4144,4,4,1,55310
660,4932,2,4,3,81817
661,2555,3,3,3,558350
662,1776,1,4,3,536160
663,3266,2,1,1,487744
664,802,5,2,3,790176
665,1138,1,2,3,132641
666,555,2,4,2,789443
667,1025,2,4,2,781670
668,4623,3,1,1,589745
669,2625,3,3,2,92311
670,3787,5,4,2,971484
671,864,2,4,3,201958
672,2146,2,4,3,520328
673,1418,3,4,2,494093
674,3297,1,2,2,697861
675,2031,1,4,2,409571
676,3845,4,2,1,872613
677,2406,3,4,1,214334
678,3586,4,3,1,968451
679,2575,3,1,2,443238
680,1213,5,3,2,837560
681,1562,2,4,1,653810
682,2476,5,4,1,213394
683,1796,3,4,2,98929
684,625,2,3,3,655984
685,4096,1,4,1,427389
686,3783,1,3,2,846240
687,2103,4,2,2,669436
688,566,3,1,3,496098
689,732,3,1,2,858157
690,2656,1,3,2,384678
691,1669,5,2,1,352094
692,2658,2,3,1,794314
693,4706,5,2,3,133576
694,1993,5,4,3,70557
695,4507,1,2,2,596113
696,2972,1,2,1,321142
697,3160,1,2,3,86080
698,3239,4,1,3,833103
699,2261,5,2,3,238869
700,4014,3,4,2,721162
701,2475,2,4,1,978671
702,2862,4,4,3,543844
703,1376,3,2,1,616695
704,4312,5,3,3,170283
705,3948,1,3,3,63338
706,1812,5,4,1,650577
707,1960,2,1,1,514736
708,3209,4,3,1,724255
709,2824,4,2,2,228982
710,2233,2,3,3,967461
711,2105,3,4,2,159367
712,3063,3,1,1,378042
713,3921,4,3,3,970958
714,4017,4,3,2,691774
715,2897,1,4,3,398684
716,4235,3,1,2,544775
717,3370,2,1,1,788497
718,1660,3,4,2,493853
719,742,1,2,3,830343
720,3090,4,3,3,710709
721,1563,4,2,3,961848
722,4824,1,3,3,876395
723,3095,2,3,1,450966
724,1419,4,2,2,407073
725,505,5,4,1,727823
726,967,4,4,1,649223
727,4670,5,3,1,764152
728,503,1,4,3,850118
729,1145,1,3,3,549555
730,617,4,4,3,113528
731,3428,3,3,2,674099
732,3051,5,4,3,558907
733,4789,2,1,2,334931
734,1346,4,2,3,982280
735,3262,2,1,3,427757
736,1641,4,2,1,762787
737,2310,3,2,1,834429
738,1223,3,3,1,154887
739,724,3,2,2,111086
740,4708,3,1,2,938663
741,2548,1,1,3,305494
742,4915,1,4,2,558889
743,2073,5,1,3,637596
744,2328,2,4,2,327941
745,2417,4,2,2,317446
746,4734,4,1,2,506388
747,2526,1,2,1,612347
748,4244,4,1,2,181980
749,1401,1,1,1,765612
750,2539,5,4,1,523875
751,509,2,2,2,193949
752,760,5,1,3,326383
753,2173,3,3,3,77313
754,2719,3,2,3,92103
755,2560,3,2,2,229480
756,4213,5,2,3,526467
757,2119,4,4,1,138771
758,820,2,3,3,176228
759,1842,3,2,2,141665
760,2876,3,1,3,846966
761,3332,3,1,1,879492
762,3324,2,4,2,853621
763,2494,3,1,3,964863
764,3458,2,2,2,660355
765,2538,3,1,2,847399
766,3990,5,2,2,787351
767,4177,5,1,3,901995
768,1618,2,3,2,320804
769,2104,5,4,3,430815
770,4527,2,4,1,534091
771,735,5,3,3,179909
772,2469,5,3,1,483039
773,4929,2,4,3,499058
774,2408,4,3,2,190688
775,875,5,2,3,125976
776,4030,3,1,2,807496
777,3135,4,4,1,229810
778,2070,2,3,3,325251
779,3060,4,2,2,766764
780,3891,1,4,1,668470
781,3465,1,3,1,817441
782,4143,5,4,3,928219
783,4350,5,3,1,852386
784,1372,3,4,2,329087
785,1752,4,2,1,90725
786,1814,1,2,1,881866
787,3398,5,1,2,922183
788,577,4,4,1,584398
789,3121,5,1,1,548864
790,4727,5,4,1,328606
791,1100,1,3,1,391376
792,1565,1,3,2,759441
793,2636,5,1,1,496015
794,2949,2,4,2,640855
795,2843,5,1,1,532517
796,2363,5,2,1,756584
797,1818,3,1,1,439569
798,4097,3,1,1,892495
799,4262,3,3,2,163394
800,2690,2,1,2,891672
801,1492,2,4,2,917784
802,3212,5,3,3,198940
803,2692,3,1,1,393133
804,1748,2,2,1,72222
805,3554,1,1,2,129794
806,4533,5,1,3,638212
807,2497,4,1,1,674142
808,4187,5,3,2,914945
809,2651,4,4,1,834326
810,4518,3,2,1,891081
811,3610,4,1,2,415130
812,2470,3,4,2,818103
813,697,1,4,1,920181
814,3126,4,3,1,283127
815,1702,5,2,2,554434
816,2535,3,3,1,191295
817,977,5,4,1,229238
818,1754,2,4,2,89369
819,1422,3,4,1,922811
820,919,4,3,1,905824
821,2704,3,2,3,849093
822,3097,5,1,2,720951
823,1620,1,3,3,383862
824,3568,3,4,3,760595
825,1450,4,3,3,320114
826,2836,2,4,1,97922
827,2743,1,1,1,543614
828,3145,2,1,3,867187
829,2357,3,2,3,695214
830,2365,5,4,3,69416
831,3412,5,2,1,63672
832,3353,4,2,3,526684
833,3728,5,1,3,178145
834,4219,1,3,2,752356
835,3728,5,3,2,910527
836,2871,4,2,1,50064
837,3391,3,1,2,118835
838,4256,3,4,2,251457
839,4725,5,3,2,973143
840,594,2,2,1,297795
841,3174,3,3,2,454271
842,2455,5,3,1,399738
843,1293,4,4,3,996931
844,2334,5,1,2,691204
845,2616,3,4,1,956740
846,4606,4,1,2,918948
847,3825,5,3,3,901098
848,3419,1,2,1,245346
849,3097,4,4,1,954726
850,3705,1,1,1,323010
851,1314,2,3,3,53889
852,845,4,1,3,168194
853,2849,1,1,3,174714
854,862,3,1,1,605623
855,2943,3,3,3,100547
856,2765,2,2,2,207234
857,2688,4,2,3,794809
858,3505,4,2,1,730047
859,3781,4,1,2,935188
860,1484,2,3,3,323139
861,2139,4,1,2,499704
862,1327,3,2,2,52631
863,3230,1,2,1,187039
864,4031,3,3,2,924726
865,4951,3,1,2,399422
866,3435,1,4,1,638759
867,4376,3,4,1,349260
868,626,2,2,1,928548
869,3677,1,3,2,477443
870,3556,3,1,2,707302
871,1103,5,1,2,621952
872,3949,3,2,1,733429
873,4646,2,2,3,137342
874,4033,4,1,2,64407
875,3867,3,1,3,163926
876,3868,4,2,1,371345
877,4297,5,1,2,916525
878,2292,3,4,3,497564
879,3361,1,2,2,787341
880,3976,4,1,2,592166
881,3917,5,2,2,133100
882,2145,1,3,3,915061
883,1705,1,2,1,498636
884,3530,1,2,2,544308
885,3372,1,3,1,273059
886,3572,3,4,1,617456
887,2354,3,1,3,300396
888,4521,3,3,3,824769
889,3208,5,2,1,367006
890,4002,5,1,2,78004
891,1832,5,3,3,856903
892,701,2,1,2,574252
893,4007,5,1,2,666108
894,4712,3,3,2,241239
895,1074,3,1,1,676517
896,1036,2,4,2,527044
897,2125,2,3,1,901740
898,2622,5,4,1,396113
899,885,4,2,2,64568
900,3781,2,1,2,583754
901,974,1,2,2,272129
902,917,3,2,2,631612
903,4100,1,1,1,938640
904,1454,3,3,2,196539
905,1705,3,1,2,650243
906,4620,2,2,1,197748
907,2490,2,2,3,144791
908,4072,1,3,3,736874
909,4880,3,1,1,945150
910,4658,1,2,3,596938
911,3213,4,4,1,400434
912,2703,1,2,2,127701
913,3620,5,2,2,847115
914,1466,1,3,3,279164
915,3932,5,4,2,503035
916,1188,5,2,3,655266
917,4743,5,2,3,579148
918,4201,4,4,2,709089
919,841,1,1,2,605639
920,2224,1,1,3,555920
921,4922,4,2,2,374888
922,2292,3,2,1,729706
923,2259,2,1,2,956630
924,3712,1,3,2,910587
925,1489,2,4,1,171449
926,2762,4,4,2,650988
927,2982,3,3,2,809774
928,1451,3,3,3,843387
929,1222,3,3,2,307571
930,3889,4,3,2,513506
931,2579,5,3,1,487509
932,3217,5,3,3,766696
933,2832,2,4,3,858094
934,3876,5,3,3,580696
935,2000,5,1,2,745763
936,785,3,3,3,313369
937,3995,3,3,1,979700
938,2565,2,4,3,513002
939,1268,1,4,1,196444
940,3557,2,3,3,831608
941,4789,2,4,3,591567
942,2661,4,2,1,160401
943,3793,4,4,3,276801
944,1446,2,4,3,821668
945,3835,2,4,3,553575
946,4650,2,4,2,928836
947,1981,5,1,1,219259
948,2401,4,1,3,297145
949,3951,2,1,1,360625
950,4564,3,3,1,733835
951,554,3,3,1,94552
952,2323,5,2,3,249041
953,3962,5,1,3,257606
954,3579,1,3,1,804965
955,1332,1,4,2,836157
956,4908,1,4,1,450074
957,3306,5,1,2,779846
958,2990,5,2,1,124474
959,827,5,2,1,337312
960,3810,3,4,1,606387
961,3800,5,2,3,252252
962,4175,3,1,2,814742
963,3554,1,4,2,373599
964,2643,1,3,1,628528
965,1811,1,3,3,386940
966,3691,2,2,3,891024
967,3038,2,4,2,835034
968,4483,4,4,3,434325
969,664,4,3,2,302051
970,4777,4,4,2,151611
971,1322,2,4,2,632334
972,1443,2,4,3,824756
973,4925,4,2,2,66488
974,1274,4,4,2,239913
975,2698,5,1,1,430665
976,3656,4,2,2,967899
977,4742,5,4,2,758029
978,4195,3,4,1,716205
979,3952,2,1,1,741419
980,1414,4,2,3,68394
981,1808,2,3,2,930425
982,4677,2,3,3,226978
983,1013,2,2,3,109332
984,2420,3,4,1,218377
985,4094,1,4,3,92628
986,1909,4,3,2,857784
987,3690,1,3,1,529898
988,4991,1,3,2,919403
989,2055,1,1,2,101993
990,1304,2,3,1,220458
991,1779,5,1,2,939459
992,4077,2,2,1,500281
993,3401,2,4,2,956644
994,1887,1,3,1,528720
995,3261,2,4,3,556357
996,3179,1,4,2,58539
997,2606,5,3,1,182335
998,4723,4,3,2,456521
999,3268,1,2,2,890249
1000,4453,5,1,2,991902
1001,3686,4,1,1,290310
1002,3780,3,4,3,256873
1003,3073,1,3,3,361251
1004,3099,1,2,3,999656
1005,4533,3,2,1,536476
1006,736,3,2,3,998128
1007,1804,1,2,1,965672
1008,3930,3,2,2,411799
1009,1801,2,1,2,630420
1010,3041,4,1,3,962133
1011,2551,4,1,1,155494
1012,941,4,3,2,889411
1013,2576,2,4,1,894445
1014,3680,3,2,1,275997
1015,3157,5,3,2,638085
1016,4298,3,2,1,101798
1017,1304,1,1,2,722010
1018,574,4,3,2,469230
1019,2675,3,1,2,650709
1020,4424,5,2,1,319578
1021,2589,1,2,2,866460
1022,540,2,4,1,640846
1023,2581,2,2,2,860763
1024,2122,5,1,2,117573
1025,841,1,2,3,703761
1026,4552,4,4,3,517508
1027,2574,3,4,3,227398
1028,1145,1,1,1,395123
1029,4763,2,3,1,840555
1030,1109,5,2,2,328747
1031,954,5,4,2,378085
1032,3453,3,2,2,92597
1033,2208,5,2,2,768598
1034,3972,5,3,1,920670
1035,3469,1,4,2,485935
1036,3528,4,2,2,797146
1037,3181,3,4,3,353895
1038,4129,1,1,2,962894
1039,4725,4,1,2,136978
1040,3567,1,2,2,329837
1041,1886,1,4,1,532757
1042,4276,5,2,3,218769
1043,3366,4,4,2,406668
1044,3863,3,4,2,410013
1045,4624,3,3,3,735352
1046,648,4,3,2,375969
1047,4350,5,3,1,714882
1048,2558,2,2,2,442619
1049,1636,1,3,1,881838
1050,686,5,3,1,288078
1051,3354,4,1,2,290140
1052,1750,1,4,3,717481
1053,1833,3,4,1,697659
1054,4693,2,3,3,457435
1055,4650,3,4,2,838049
1056,3211,4,1,1,93016
1057,2285,1,1,2,493888
1058,1250,4,3,3,336420
1059,2262,1,1,2,805247
1060,4420,5,4,2,384384
1061,4960,2,2,1,942724
1062,981,5,4,2,236807
1063,653,5,2,2,592247
1064,2024,4,3,2,602810
1065,2620,2,2,1,499303
1066,2843,1,1,3,453169
1067,1740,1,4,3,76567
1068,560,3,2,2,503739
1069,1438,1,4,1,112708
1070,2139,4,3,2,176206
1071,4620,5,3,3,596848
1072,4726,5,1,1,632678
1073,4069,5,3,3,700060
1074,1752,2,2,3,511365
1075,4703,1,3,1,357248
1076,671,4,1,1,632093
1077,1958,2,4,2,286109
1078,4049,3,4,2,545951
1079,4697,4,3,3,336640
1080,2822,4,2,1,788661
1081,2136,4,1,1,141257
1082,3615,5,2,2,53515
1083,4590,4,1,3,578742
1084,3504,1,3,3,287145
1085,829,4,1,2,72873
1086,4140,5,1,1,910352
1087,4394,4,3,2,325871
1088,4607,3,2,2,702664
1089,1841,3,3,2,643358
1090,4163,5,1,2,935491
1091,715,1,3,1,698852
1092,838,1,1,2,278497
1093,4562,2,3,1,691501
1094,3208,5,4,2,755339
1095,3652,4,4,3,599753
1096,2250,5,3,1,234972
1097,2921,2,2,3,634087
1098,1209,5,1,2,560237
1099,4226,5,4,2,670417
1100,4142,2,2,2,464546
1101,4493,1,1,1,713662
1102,988,4,4,3,419432
1103,546,2,4,1,293761
1104,3859,3,3,1,292821
1105,900,1,1,2,62875
1106,4490,3,2,3,601507
1107,3657,1,2,2,872614
1108,4845,4,2,1,785901
1109,890,4,1,2,485485
1110,4353,5,2,3,391925
1111,4930,3,2,2,56457
1112,1128,1,2,3,974253
1113,4732,4,3,3,83064
1114,3430,2,3,2,977325
1115,2021,4,1,1,689544
1116,1326,2,1,2,934729
1117,2000,1,2,1,808947
1118,3794,4,3,1,259727
1119,2919,4,4,2,975168
1120,1434,1,4,1,210353
1121,3542,4,2,1,832351
1122,4997,2,2,2,286887
1123,1966,4,3,2,475037
1124,4061,3,3,2,809129
1125,1114,5,3,1,992151
1126,1682,2,1,3,644206
1127,3723,3,1,1,263057
1128,3167,1,2,3,526015
1129,630,2,1,2,926611
1130,3483,5,3,3,387088
1131,4778,5,3,2,139142
1132,4959,1,1,2,77603
1133,538,1,4,3,882890
1134,4459,2,2,2,120605
1135,4087,4,4,3,331767
1136,1420,1,2,2,618728
1137,3269,4,4,1,918859
1138,4611,3,1,1,975208
1139,992,5,2,2,405970
1140,1631,4,2,2,339604
1141,4021,5,2,3,264117
1142,810,4,3,1,788165
1143,1238,3,3,3,516727
1144,3741,1,4,2,160373
1145,1045,3,1,2,974069
1146,2961,1,3,3,317014
1147,4846,1,2,2,68909
1148,2304,5,3,1,321261
1149,3712,3,1,3,299975
1150,4310,4,3,1,903906
1151,1313,3,2,1,668214
1152,4624,5,4,1,487538
1153,2532,1,2,3,177463
1154,4913,5,1,2,151536
1155,744,2,4,1,856560
1156,771,2,3,1,301981
1157,4011,4,3,1,540533
1158,2271,5,3,2,381145
1159,1762,4,4,2,836872
1160,2924,4,2,3,230685
1161,4861,2,4,2,697779
1162,1420,4,4,3,979167
1163,3930,2,1,3,547275
1164,4935,1,4,3,200619
1165,4984,5,3,3,655950
1166,3124,4,2,3,810416
1167,4260,2,2,1,50005
1168,2550,3,2,2,284152
1169,4000,4,3,1,319182
1170,1665,1,3,3,842846
1171,875,1,3,2,530875
1172,2533,3,3,1,905938
1173,645,2,3,1,913018
1174,4888,4,4,3,445822
1175,931,2,3,1,852914
1176,1204,1,3,1,804189
1177,3132,2,3,1,252945
1178,4994,1,3,1,608236
1179,1463,2,2,1,402131
1180,2734,3,3,3,272873
1181,2541,5,4,3,272322
1182,2328,3,4,1,70875
1183,2608,3,4,3,325201
1184,4568,5,1,3,82400
1185,1438,5,2,2,514674
1186,1306,4,3,1,118607
1187,1963,4,1,3,923993
1188,3915,3,3,3,339647
1189,510,3,1,1,466981
1190,2368,1,1,2,151096
1191,1384,1,4,1,620900
1192,4064,4,4,2,934750
1193,1889,4,1,1,311538
1194,3901,1,4,1,134335
1195,4821,1,1,1,413133
1196,1324,2,2,1,667300
1197,2765,2,4,2,131748
1198,1436,1,4,2,976932
1199,3300,2,4,3,736779
1200,3053,5,2,1,115195
1201,4345,4,1,2,779055
1202,2296,4,3,2,664134
1203,553,1,4,2,676692
1204,1226,3,1,1,351286
1205,3236,1,2,3,835608
1206,3670,2,3,2,121540
1207,2413,3,4,1,743649
1208,2096,2,2,2,389092
1209,2414,5,2,2,895383
1210,2966,2,3,3,61755
1211,3237,5,1,2,827203
1212,1349,5,4,2,430129
1213,2609,2,4,1,658841
1214,502,2,1,1,184962
1215,4755,5,1,3,930808
1216,4569,3,1,1,306760
1217,1392,5,3,1,67175
1218,2530,4,3,3,902119
1219,3660,5,4,2,921415
1220,2876,3,3,3,531503
1221,2433,4,2,1,800071
1222,1880,1,4,3,729648
1223,4181,1,3,2,96629
1224,1790,3,1,3,691067
1225,2140,5,2,1,228872
1226,3182,2,1,1,742727
1227,1487,3,4,3,520970
1228,1718,4,1,2,380657
1229,1855,4,3,3,657050
1230,4765,1,3,2,210094
1231,4635,4,4,2,774689
1232,2060,3,1,3,969163
1233,1918,4,4,2,107941
1234,1454,3,1,1,355617
1235,1483,2,2,3,760958
1236,1474,1,3,2,66040
1237,4633,4,4,1,119806
1238,4472,3,2,3,718646
1239,1413,5,2,1,250211
1240,536,1,4,1,686364
1241,3887,2,4,1,105916
1242,2211,3,2,2,722960
1243,3520,2,1,3,445507
1244,1295,2,2,3,456339
1245,4536,4,4,2,840243
1246,3611,4,2,3,605564
1247,1824,3,1,1,235217
1248,817,5,3,3,917481
1249,2896,3,3,2,251750
1250,2662,5,2,1,269854
1251,3245,2,1,2,796403
1252,2091,1,3,1,994218
1253,3611,3,2,1,761045
1254,4430,3,2,3,717554
1255,2496,5,1,1,385206
1256,1812,2,4,2,200434
1257,1785,2,2,3,890931
1258,4811,5,4,2,620569
1259,2883,2,4,1,881284
1260,3739,4,3,2,836408
1261,2639,1,4,2,827981
1262,2204,3,1,1,554869
1263,862,1,3,3,753196
1264,3104,3,3,2,578883
1265,2216,4,3,1,670218
1266,4951,2,2,3,196474
1267,4786,5,2,3,311745
1268,4238,4,4,3,770643
1269,2969,1,3,2,404820
1270,1056,5,3,2,748083
1271,1325,2,1,2,232394
1272,3308,4,4,3,752124
1273,3219,5,1,2,468127
1274,4008,4,4,1,796648
1275,4241,4,4,2,855837
1276,2074,2,2,2,108122
1277,4498,3,2,3,804849
1278,2629,5,1,2,282661
1279,2903,2,4,1,703197
1280,3829,4,3,3,315591
1281,1088,2,2,1,234215
1282,2512,3,3,3,60662
1283,2047,5,1,3,506217
1284,794,3,2,2,632570
1285,2485,1,2,1,448115
1286,3617,5,4,3,865014
1287,2190,3,1,2,641759
1288,1636,4,4,3,697801
1289,2564,5,2,3,223285
1290,4955,5,1,3,681866
1291,1507,2,2,3,912303
1292,3014,4,1,3,657493
1293,4026,1,2,3,910513
1294,1747,3,3,2,942215
1295,4402,2,3,3,284631
1296,1935,3,4,1,133805
1297,1071,1,3,2,174698
1298,2882,1,2,1,218902
1299,1745,5,2,3,974570
1300,2584,1,3,1,60712
1301,777,3,4,3,393671
1302,2387,4,3,3,965885
1303,1765,4,1,2,701176
1304,1540,5,1,2,806686
1305,1417,3,1,3,568680
1306,1385,3,3,2,246437
1307,3252,1,3,1,661473
1308,521,3,3,2,411995
1309,3691,2,1,2,474022
1310,2853,1,4,1,586498
1311,1186,2,2,2,86972
1312,784,5,3,3,811254
1313,4247,4,4,1,346280
1314,1262,5,2,3,487513
1315,2928,4,2,1,952877
1316,3007,5,2,3,852377
1317,528,3,4,3,800561
1318,1406,2,4,2,391324
1319,3604,4,1,3,382597
1320,4499,1,4,2,921836
1321,3494,2,4,1,980728
1322,3006,1,4,3,53052
1323,4109,2,2,3,339416
1324,4053,2,3,1,353294
1325,1953,5,1,1,801564
1326,3856,4,3,3,198388
1327,1015,4,3,1,496605
1328,538,2,4,2,712600
1329,3842,3,1,1,933527
1330,1386,3,3,1,380918
1331,3344,1,3,3,879607
1332,2704,1,1,2,443781
1333,1598,5,4,1,66375
1334,2323,2,3,2,599998
1335,3701,1,2,2,755255
1336,3655,1,3,2,828912
1337,3593,2,2,3,720534
1338,4030,5,4,1,419170
1339,4278,1,3,3,530545
1340,3396,5,1,1,77597
1341,3953,4,1,1,386433
1342,4011,5,3,3,481613
1343,1488,3,4,2,135687
1344,4616,3,4,2,168968
1345,4526,5,1,1,614562
1346,4679,3,3,3,517453
1347,2182,4,4,2,253570
1348,4463,2,1,2,481413
1349,1433,3,2,1,622922
1350,4098,3,3,1,866473
1351,3733,5,2,3,974752
1352,2480,4,2,1,397509
1353,2355,2,4,2,969707
1354,3556,5,4,2,888418
1355,1292,5,4,2,861802
1356,1291,4,3,2,347391
1357,2309,2,2,3,960835
1358,2755,4,3,3,431688
1359,4110,2,4,1,256994
1360,2107,4,2,1,830768
1361,1484,5,3,1,443650
1362,4176,5,3,3,637270
1363,3880,1,1,2,901612
1364,1019,3,3,1,682822
1365,1090,4,4,2,739834
1366,1550,1,3,1,336788
1367,4133,3,2,1,612781
1368,4944,4,3,1,395968
1369,1459,2,1,1,564922
1370,1192,3,2,1,971463
1371,4399,5,2,2,883721
1372,4973,1,1,1,978647
1373,3446,3,4,2,482809
1374,1026,3,2,3,482331
1375,3724,5,4,1,816505
1376,2753,4,2,2,727900
1377,3844,2,2,3,347625
1378,4465,5,4,3,276577
1379,2375,2,2,3,651385
1380,2263,4,4,2,859010
1381,1020,3,1,1,980291
1382,1516,2,4,1,384192
1383,616,1,1,2,564771
1384,2933,1,2,1,233951
1385,1083,5,4,2,191668
1386,894,4,2,1,503885
1387,4288,5,4,3,463146
1388,3268,5,1,1,229022
1389,4667,5,1,2,932169
1390,4360,1,4,2,330831
1391,773,1,1,3,496049
1392,2513,5,2,2,172540
1393,4933,1,2,1,741349
1394,1889,4,3,1,866615
1395,4066,5,1,3,332902
1396,665,1,2,2,706442
1397,2067,2,4,3,812301
1398,1228,5,1,1,670656
1399,2543,5,2,3,620179
1400,4697,4,1,2,96901
1401,3996,3,4,3,526728
1402,1278,3,2,2,416056
1403,713,4,3,2,645350
1404,4262,4,3,1,539838
1405,2076,4,1,1,726923
1406,2948,3,4,1,908440
1407,3436,4,2,2,445991
1408,3617,1,4,3,983332
1409,1091,5,2,2,553528
1410,3220,5,1,1,569149
1411,1213,2,2,1,854406
1412,1435,2,4,3,727748
1413,4837,5,4,1,654879
1414,501,1,1,1,302990
1415,3348,3,4,1,330759
1416,4544,3,2,3,72838
1417,2449,1,1,2,352872
1418,1417,3,2,1,690537
1419,3674,4,4,3,652288
1420,2741,5,1,1,364942
1421,589,5,2,3,515992
1422,2209,1,4,1,987126
1423,2669,3,4,3,194608
1424,4738,2,3,1,186772
1425,3541,2,4,2,744199
1426,605,3,2,1,846680
1427,1386,2,1,3,95291
1428,927,1,3,1,919061
1429,2395,1,4,2,265963
1430,816,3,4,1,175612
1431,1134,2,4,3,591465
1432,2425,1,2,3,462699
1433,2556,1,3,2,93815
1434,3644,4,2,3,874965
1435,2770,4,3,1,836458
1436,1939,1,1,1,154997
1437,1052,3,2,1,110611
1438,1215,5,2,3,661530
1439,4411,5,1,1,467876
1440,2213,1,3,1,760463
1441,3889,1,4,1,417057
1442,1607,1,1,2,92082
1443,4706,3,4,3,197330
1444,750,4,4,3,677901
1445,2930,1,1,3,934747
1446,2554,1,3,2,926122
1447,958,2,4,3,145220
1448,707,3,1,2,589677
1449,1399,1,2,2,141860
1450,3961,2,2,3,733045
1451,3885,5,2,1,502436
1452,521,1,1,1,994699
1453,909,1,2,3,71797
1454,1394,2,4,3,948407
1455,1014,3,2,2,933601
1456,4609,1,2,3,820227
1457,2634,5,4,2,640620
1458,4095,1,2,3,810943
1459,3456,5,4,1,274997
1460,2060,4,2,1,506123
1461,1766,4,4,3,450404
1462,2669,5,2,2,335840
1463,4138,3,4,1,52024
1464,1249,1,1,2,479201
1465,3927,1,4,3,711944
1466,2427,4,2,3,403142
1467,4304,5,2,1,208116
1468,4202,1,3,3,831627
1469,2856,1,4,1,317429
1470,2835,3,1,2,506331
1471,806,2,4,1,843802
1472,4165,4,4,1,67903
1473,2489,4,1,2,737859
1474,1161,2,4,1,934336
1475,811,1,1,1,859427
1476,3420,3,1,3,417304
1477,1582,3,4,2,478416
1478,3471,4,4,1,662665
1479,1254,3,2,2,251474
1480,4630,2,2,2,456782
1481,852,1,3,1,874254
1482,1402,2,3,3,419556
1483,4388,5,4,2,887654
1484,658,4,1,1,930520
1485,2477,3,3,2,543301
1486,1456,5,4,3,402594
1487,2571,3,3,3,493884
1488,903,1,1,3,683654
1489,3279,1,4,1,422222
1490,1887,1,1,1,638141
1491,3953,3,4,3,235715
1492,1455,5,3,1,960226
1493,2212,1,2,3,203405
1494,1773,5,3,1,459174
1495,4311,3,3,3,626730
1496,3125,5,2,2,464170
1497,2882,3,2,3,280755
1498,1941,3,4,3,583963
1499,3479,4,4,1,139590
1500,2297,3,1,1,420714
1501,4890,3,1,1,343805
1502,4509,2,3,1,638577
1503,1894,1,2,1,67184
1504,4781,4,1,1,884395
1505,1769,4,3,2,731182
1506,4214,4,2,3,505519
1507,1029,2,4,3,257537
1508,4123,3,3,3,841699
1509,3458,1,4,2,233719
1510,3414,5,1,3,899246
1511,4091,3,1,2,872457
1512,2647,2,2,2,171246
1513,3869,3,3,2,389749
1514,1439,3,4,3,706341
1515,1025,2,2,2,879868
1516,501,4,1,3,723832
1517,874,4,1,3,200408
1518,2840,1,3,1,730947
1519,4505,1,4,1,913624
1520,3552,4,3,2,287439
1521,2865,5,4,2,957023
1522,2025,3,4,3,396655
1523,4976,5,3,2,583953
1524,2146,3,2,2,732457
1525,513,4,3,3,927709
1526,2778,1,3,2,626762
1527,3655,1,1,2,777333
1528,629,5,1,3,468401
1529,4314,1,3,3,125911
1530,3716,4,3,1,142643
1531,3438,5,1,3,866916
1532,4428,3,4,1,309383
1533,2540,1,3,2,413309
1534,527,2,2,3,226682
1535,2613,1,2,3,756167
1536,1752,3,2,3,862267
1537,4856,5,3,2,800639
1538,2546,3,4,1,146453
1539,4523,2,4,2,628078
1540,4896,4,1,2,782320
1541,3874,1,3,3,846075
1542,3966,5,4,1,387990
1543,3581,4,3,2,462167
1544,4278,3,1,3,535320
1545,1129,5,1,2,458449
1546,769,4,1,2,587488
1547,3139,5,2,3,626563
1548,2493,2,3,3,519284
1549,3391,2,1,1,925433
1550,3932,1,3,2,726651
1551,1780,1,2,3,354592
1552,2860,2,2,3,998084
1553,1075,5,1,1,665973
1554,1807,2,1,1,464562
1555,3692,1,4,3,847051
1556,3678,2,3,1,679742
1557,3234,2,1,3,576054
1558,2712,5,4,2,839981
1559,2852,4,3,1,724053
1560,4068,1,1,2,505235
1561,2155,5,4,2,540674
1562,2079,2,4,2,830644
1563,2703,2,3,3,944370
1564,1890,4,4,2,964105
1565,2242,1,3,2,543496
1566,2425,1,3,2,884760
1567,1119,3,3,3,520917
1568,1774,1,2,2,270172
1569,1456,4,4,2,75301
1570,2439,3,3,1,619051
1571,4453,3,1,3,201837
1572,2881,2,2,2,881219
1573,1468,2,2,1,957107
1574,1816,1,4,3,57425
1575,1543,3,3,3,325001
1576,781,2,4,3,233843
1577,3344,4,2,3,405143
1578,1558,2,3,3,465660
1579,4793,2,1,3,833849
1580,3032,3,3,2,615745
1581,4328,3,2,2,545496
1582,1508,5,1,2,785101
1583,1729,4,3,2,443920
1584,1535,3,1,1,579740
1585,775,1,1,2,161153
1586,3240,4,2,3,875294
1587,2789,4,1,2,242543
1588,1739,3,4,2,529274
1589,625,4,2,3,330444
1590,4565,3,4,2,977070
1591,4812,2,1,2,450717
1592,4368,5,4,2,51845
1593,1708,2,3,1,169342
1594,3749,3,1,2,875613
1595,1418,3,3,3,500479
1596,4423,2,4,3,811654
1597,4903,1,3,2,813292
1598,2469,1,1,2,768398
1599,3293,1,3,2,298850
1600,1391,3,4,3,788650
1601,4970,4,4,3,297688
1602,2533,3,4,1,608692
1603,1864,4,1,1,596852
1604,628,2,4,1,672186
1605,1514,5,1,3,330371
1606,2299,4,3,1,570919
1607,2018,1,4,2,145259
1608,4681,3,3,2,174451
1609,1698,2,2,3,490691
1610,4373,1,3,1,67215
1611,2974,2,2,2,180577
1612,3985,5,3,3,832680
1613,4549,3,1,1,121074
1614,4219,3,3,2,989203
1615,802,5,1,1,682909
1616,4452,3,1,3,979958
1617,1486,4,4,1,753577
1618,2363,2,1,3,156759
1619,4940,1,2,1,178471
1620,3572,5,4,2,858143
1621,3624,4,4,3,458275
1622,1827,1,3,3,622686
1623,2908,1,1,3,837718
1624,4173,5,1,1,215369
1625,3791,4,2,1,682592
1626,4533,1,3,2,154959
1627,1203,1,3,3,289317
1628,1074,4,4,3,731845
1629,3732,3,4,1,372111
1630,3132,1,4,1,934235
1631,4328,2,2,2,179745
1632,3730,4,2,2,104583
1633,988,1,4,1,698365
1634,1847,5,3,3,494846
1635,4181,2,2,2,161359
1636,3673,1,3,1,601374
1637,2167,2,3,1,721844
1638,2137,2,1,3,773983
1639,4614,3,4,1,678420
1640,4053,2,1,1,565329
1641,1500,3,4,2,109263
1642,1350,4,4,1,724035
1643,1888,3,3,1,956587
1644,4212,5,4,2,110664
1645,1867,1,3,3,467896
1646,1321,4,3,3,984581
1647,954,4,4,2,956906
1648,2124,5,3,2,389112
1649,3272,3,3,3,970995
1650,4226,1,3,3,751486
1651,3647,3,2,3,817018
1652,4589,2,3,3,446608
1653,2690,3,2,3,505473
1654,1416,4,2,2,117804
1655,4486,1,3,1,874832
1656,3375,3,3,3,479767
1657,1940,1,2,3,864520
1658,4900,1,2,1,261087
1659,1235,2,3,1,992969
1660,4068,2,3,1,491371
1661,3838,4,4,1,137893
1662,3515,5,2,1,842401
1663,3389,1,2,1,58981
1664,1461,5,4,2,464248
1665,3489,4,2,1,366235
1666,4348,1,1,1,157154
1667,1526,1,2,2,336552
1668,4365,5,4,1,729601
1669,3363,3,1,3,884372
1670,3001,2,3,3,526154
1671,2447,3,4,1,756465
1672,1677,5,4,2,242122
1673,511,2,3,3,53657
1674,4899,3,4,2,857662
1675,3864,2,2,3,986184
1676,3522,1,3,1,263766
1677,3871,3,4,2,659019
1678,3330,2,3,2,223412
1679,542,2,3,2,741310
1680,1443,2,3,3,713227
1681,2890,3,1,3,783902
1682,3045,4,4,3,54329
1683,2911,3,1,1,348009
1684,1504,5,4,3,772300
1685,520,3,2,1,569897
1686,906,2,2,2,87869
1687,1514,1,2,2,247977
1688,4931,3,4,1,956617
1689,2338,3,3,3,548185
1690,3688,2,3,1,133984
1691,1214,1,1,2,961604
1692,4646,1,1,2,151069
1693,4354,5,2,1,298577
1694,4919,3,1,3,926143
1695,640,1,4,3,378396
1696,1463,1,4,1,391530
1697,872,4,1,1,168728
1698,4135,4,1,3,573846
1699,3041,1,1,2,969215
1700,4110,5,1,1,75801
1701,2192,1,2,3,792647
1702,605,2,2,3,809925
1703,2181,3,1,2,664997
1704,4597,5,4,2,365414
1705,4516,2,2,2,514838
1706,3136,5,4,2,891967
1707,2637,2,3,2,305560
1708,3916,3,4,1,818026
1709,4945,3,1,3,782119
1710,4030,4,3,1,66220
1711,1786,2,2,1,325536
1712,3679,4,2,1,528803
1713,4154,2,3,1,445462
1714,2859,4,4,1,332154
1715,944,3,2,2,176951
1716,535,5,1,2,380502
1717,1975,4,3,3,533419
1718,4457,2,1,1,198306
1719,2298,2,3,3,932622
1720,2345,3,2,2,690083
1721,1908,2,4,2,492667
1722,2208,1,3,2,959222
1723,3438,5,3,1,175223
1724,1800,4,1,1,572886
1725,1743,5,2,2,649493
1726,4476,3,1,3,465000
1727,3597,4,2,3,997176
1728,509,4,1,2,51082
1729,2925,1,3,3,454364
1730,2160,3,1,2,208566
1731,3131,2,4,3,911525
1732,1572,1,2,2,364096
1733,3725,1,2,3,86719
1734,1816,5,3,1,98737
1735,4645,5,2,2,502669
1736,4183,5,4,2,157271
1737,3773,1,1,3,744896
1738,645,2,3,2,231676
1739,3540,4,4,2,494049
1740,1962,5,2,2,981543
1741,2084,2,2,1,642127
1742,982,3,4,1,884363
1743,3679,5,1,3,352069
1744,1749,4,1,1,232075
1745,1130,3,3,3,492113
1746,1161,3,2,1,137745
1747,4003,4,4,3,176298
1748,3352,5,1,1,667997
1749,2966,1,3,1,354431
1750,1487,4,2,3,796086
1751,2046,4,2,2,476228
1752,1149,4,3,2,681540
1753,1468,3,3,1,747143
1754,3137,2,1,3,421467
1755,1600,1,4,2,511531
1756,940,5,2,3,789126
1757,1269,5,4,2,489707
1758,1843,2,2,3,270013
1759,4858,4,2,1,501800
1760,4229,1,4,3,849235
1761,4406,5,3,2,230697
1762,2077,5,1,1,693107
1763,4508,4,2,3,929793
1764,3851,2,3,2,63698
1765,2849,1,2,1,65376
1766,4102,2,1,3,526870
1767,1741,2,2,2,325261
1768,1625,1,1,3,286591
1769,3101,1,1,3,481172
1770,1690,5,2,1,98786
1771,4631,5,2,1,687293
1772,4948,1,1,2,268850
1773,572,3,3,1,378624
1774,2414,5,4,2,737055
1775,2972,3,1,3,969015
1776,3546,1,2,3,889665
1777,1207,5,2,2,423166
1778,2304,2,3,3,465718
1779,4213,1,4,1,493226
1780,3064,4,1,3,142529
1781,2975,3,1,1,517121
1782,4110,1,4,2,815784
1783,4755,1,1,2,489705
1784,3323,5,4,3,675207
1785,2235,5,2,3,919965
1786,2085,5,4,1,524381
1787,566,4,1,1,999453
1788,3561,5,4,3,522803
1789,2928,1,3,3,536275
1790,4653,5,2,2,772670
1791,841,2,2,2,259870
1792,3274,5,4,2,643695
1793,3317,4,1,3,648097
1794,3161,2,3,3,329373
1795,1732,1,2,3,994889
1796,4374,1,2,2,616464
1797,2901,3,1,3,669113
1798,1994,2,1,1,970764
1799,4711,3,3,3,147555
1800,1161,2,4,3,577433
1801,4383,2,1,3,147289
1802,4119,4,4,3,713162
1803,2368,3,3,3,838695
1804,2834,4,4,1,470129
1805,3874,2,2,1,107788
1806,1516,1,4,3,713515
1807,4906,2,3,2,706282
1808,707,4,3,3,777591
1809,3165,3,3,3,201744
1810,2993,3,4,3,219598
1811,1132,4,2,2,881776
1812,2602,3,1,2,959251
1813,3459,5,2,2,462230
1814,3583,1,4,1,647640
1815,2431,1,4,2,534495
1816,4219,1,1,1,352468
1817,3062,3,4,1,557745
1818,2179,3,3,2,930507
1819,736,2,3,2,276710
1820,4943,2,3,2,744058
1821,2040,1,3,1,913601
1822,4443,5,3,3,859816
1823,863,2,4,2,577800
1824,2868,2,1,2,973570
1825,785,3,1,2,736860
1826,648,5,3,1,173775
1827,4537,1,4,1,128743
1828,2266,2,2,3,397786
1829,1512,5,2,2,441731
1830,3331,5,4,1,654146
1831,3007,1,3,3,629088
1832,2023,5,1,2,506356
1833,3285,5,4,1,674652
1834,3056,5,2,2,555533
1835,4225,2,2,2,314531
1836,2101,1,2,1,237232
1837,2908,5,3,1,778927
1838,840,5,2,1,182871
1839,3317,2,4,2,169095
1840,2996,1,4,2,609836
1841,2225,3,2,3,140450
1842,2189,2,4,2,679957
1843,3767,1,2,1,916603
1844,4906,5,2,2,483595
1845,761,1,1,3,357558
1846,1942,1,3,3,647359
1847,905,1,3,1,687096
1848,2690,3,1,1,550884
1849,4937,1,1,3,128591
1850,743,3,3,3,798501
1851,4607,5,2,3,316441
1852,1060,3,2,1,683801
1853,4637,5,3,3,965100
1854,3225,5,2,3,922911
1855,1093,3,1,1,148752
1856,2326,2,2,2,186080
1857,3729,4,2,2,267885
1858,3787,1,4,3,427625
1859,4573,4,4,2,197892
1860,633,1,4,2,514764
1861,3638,1,2,2,203325
1862,4419,5,3,2,472418
1863,572,1,1,3,996740
1864,4994,1,2,2,641444
1865,4725,3,3,2,817248
1866,3478,4,2,1,110263
1867,4861,3,1,3,955428
1868,2485,1,2,1,673540
1869,1292,5,1,1,168632
1870,4759,3,2,3,911287
1871,594,3,1,2,66575
1872,1633,2,2,1,324348
1873,737,1,1,3,61952
1874,3446,5,4,2,569826
1875,3030,3,2,3,133323
1876,2460,3,2,1,756502
1877,1548,5,3,2,214944
1878,3029,1,3,2,734736
1879,3464,2,1,3,771444
1880,1463,3,2,2,192712
1881,1036,2,1,1,338581
1882,4723,4,4,1,177129
1883,4179,1,3,1,924113
1884,4687,4,1,3,828810
1885,4224,4,1,2,582191
1886,1042,4,3,2,264776
1887,1345,1,2,2,601151
1888,4103,1,1,1,355525
1889,3536,5,3,2,864980
1890,2994,2,2,1,493172
1891,4985,2,4,2,585755
1892,3219,5,3,1,370098
1893,2384,5,1,2,336045
1894,4638,4,4,3,859733
1895,4849,5,2,3,961118
1896,3701,3,2,1,807902
1897,3210,2,3,1,921612
1898,2453,5,3,2,644191
1899,4350,3,3,2,416099
1900,1189,3,2,3,983708
1901,2450,3,4,2,594043
1902,956,3,2,1,371961
1903,2630,4,1,1,838525
1904,4476,3,2,1,306094
1905,4744,4,1,1,512753
1906,1679,4,4,1,932751
1907,4785,3,3,3,335084
1908,4065,2,3,3,749400
1909,1382,3,2,1,703002
1910,899,3,3,2,141544
1911,1108,3,4,1,658725
1912,2138,2,3,3,405113
1913,2648,1,2,1,157001
1914,1882,1,4,3,137725
1915,1903,4,1,3,427928
1916,1319,4,2,1,160675
1917,3792,2,1,1,144266
1918,1319,5,4,2,321380
1919,919,1,2,3,909029
1920,4719,4,2,2,265196
1921,3802,1,4,1,184974
1922,2008,2,3,3,673944
1923,1267,2,2,2,346508
1924,2544,5,2,2,681359
1925,2639,5,1,2,406554
1926,3529,2,3,1,201168
1927,2049,4,1,1,193092
1928,2264,1,1,1,632761
1929,3145,3,3,3,291472
1930,4216,5,3,1,356297
1931,4981,3,4,3,222349
1932,2793,4,3,2,350646
1933,3208,5,2,2,65675
1934,1400,3,3,1,991869
1935,3584,4,4,2,168384
1936,2509,1,4,1,128229
1937,741,4,4,3,663337
1938,2885,5,3,2,757508
1939,4768,2,3,1,401301
1940,1171,1,1,2,270319
1941,663,3,1,2,679999
1942,964,5,2,1,684378
1943,3542,2,1,2,929753
1944,2942,4,2,2,776262
1945,2855,2,4,2,862897
1946,4778,5,1,2,868718
1947,3057,5,3,3,104795
1948,1045,2,1,2,420283
1949,4335,4,2,2,784543
1950,1093,2,1,1,153845
1951,4304,5,4,3,362130
1952,1959,5,3,1,387540
1953,3993,3,2,1,891610
1954,3101,3,3,1,847177
1955,2944,1,3,3,828520
1956,3172,5,2,1,303730
1957,4700,3,3,1,253426
1958,516,2,3,1,916069
1959,3691,4,1,2,972532
1960,892,2,3,1,279333
1961,924,4,3,3,622854
1962,1071,3,3,3,880154
1963,4131,1,3,2,923055
1964,1620,2,2,3,423218
1965,741,2,4,3,649262
1966,4397,2,1,2,526908
1967,4595,4,3,1,396228
1968,2779,3,3,2,220951
1969,1288,2,2,1,467983
1970,1214,2,4,1,298595
1971,3349,1,3,3,953785
1972,1275,1,2,2,678705
1973,4526,3,1,3,904531
1974,2747,3,1,3,229729
1975,578,5,3,1,189570
1976,4426,1,3,3,254739
1977,1355,5,4,2,337251
1978,2648,4,4,3,734153
1979,1531,5,3,3,970200
1980,3771,2,2,1,890271
1981,4076,5,4,2,663529
1982,4682,3,3,3,597685
1983,3956,4,4,1,581992
1984,4006,2,3,3,852874
1985,907,5,1,2,769148
1986,3211,4,3,3,179576
1987,3588,4,1,3,59765
1988,2168,2,4,1,427972
1989,647,5,3,3,60002
1990,4827,4,4,1,834141
1991,4397,4,1,2,847822
1992,2450,1,3,3,225508
1993,865,4,4,2,308446
1994,2174,1,1,2,527698
1995,4994,5,4,3,295620
1996,3046,5,2,1,580929
1997,1062,5,1,2,476925
1998,4062,3,1,2,161119
1999,2989,5,1,3,482525
